id,group,first_name,age,email,city
1,Group A,Joice,96,jcomfort0@tinypic.com,Guodu
2,Group D,Maurice,72,mwistance1@tamu.edu,
3,Group B,Lauretta,37,lscotchmore2@marketwatch.com,Qom
4,Group A,Lesli,32,lmitten3@vistaprint.com,Kiuruvesi
5,Group D,Steward,15,spaulisch4@hibu.com,Xiangjia
6,Group B,Doralyn,40,dgeldert5@constantcontact.com,Lesozavodsk
7,Group D,Adara,69,abrigge6@zimbio.com,Turku
8,Group C,Peterus,50,pmckevin7@ftc.gov,Jiangcun
9,Group A,Dianna,21,dklauer8@nsw.gov.au,Girey
10,Group C,Cathrine,25,cmcilheran9@pen.io,Daleman
11,Group D,Magdaia,100,mallabartona@liveinternet.ru,Jiulong
12,Group C,Deanna,34,djoiceb@europa.eu,Bata Tengah
13,Group B,Eloisa,27,esnalhamc@blogs.com,Tangban
14,Group C,Mathian,77,msollettd@reference.com,Banatski Despotovac
15,Group C,Rina,92,rcaccavellae@paypal.com,Purbalingga
16,Group B,Stevie,61,sstarsmearef@sakura.ne.jp,Itamaraju
17,Group D,Denny,42,dkillingbeckg@miitbeian.gov.cn,Saint Croix
18,Group B,Arlena,4,astrathernh@admin.ch,Camindangan
19,Group B,Emelina,27,ekernari@csmonitor.com,La Victoria
20,Group A,Emmit,79,ejostj@a8.net,Sanxi
21,,Chastity,89,caxek@vkontakte.ru,Lokwabe
22,Group D,Nelle,26,nrodolfl@washingtonpost.com,Gondang
23,Group D,Anitra,65,ajanoutm@wikia.com,Xiaohe
24,Group C,Annadiana,52,aselleyn@census.gov,La Cumbre
25,Group B,Herculie,12,hbolderoo@hugedomains.com,Phuket
26,Group C,Shandie,59,swharmbyp@marketwatch.com,
27,Group A,Paloma,44,pmcmullenq@ifeng.com,Shengmi
28,Group D,Clarine,58,cjordanr@csmonitor.com,Manat
29,Group B,Jaimie,100,jpetrollis@live.com,Lebahseri
30,Group B,Nick,52,ntemporalt@hao123.com,Sabnie
31,Group D,Sapphira,35,sbroschkeu@chron.com,Pital
32,Group A,Bernete,54,,Jembe Timur
33,Group C,Angelika,66,aorganw@ehow.com,Ugep
34,Group D,Nollie,42,nmaccaguex@huffingtonpost.com,Salamwates
35,Group D,Tobey,15,tlacey@redcross.org,Nonghe
36,,Henderson,5,hambrozewiczz@dagondesign.com,Baishuitan
37,Group A,Murielle,67,mgatley10@about.me,Gowurdak
38,Group A,Wat,85,wbeardsdale11@wired.com,Guihulñgan
39,Group D,Sharla,34,sbartley12@usnews.com,San Francisco
40,Group C,Ericha,14,efilipov13@php.net,
41,,Hyacintha,77,hlumly14@abc.net.au,Lajarik
42,Group A,Jermain,81,jgiacomello15@wikimedia.org,Huxu
43,Group C,Charyl,12,cyelland16@merriam-webster.com,Daminggong
44,Group D,Deina,2,dtappor17@howstuffworks.com,Mendez-Nuñez
45,Group B,Samantha,39,sbroun18@bloomberg.com,Huangcai
46,Group A,Corena,80,cbarney19@mayoclinic.com,Selorejo
47,Group A,Rob,92,rrumming1a@ucoz.com,Briceni
48,Group D,Esme,63,enaisbit1b@pinterest.com,Yambrasbamba
49,Group A,Lock,73,lfuller1c@bloglines.com,Prachin Buri
50,Group B,Freddy,4,fojeda1d@indiegogo.com,Pöytyä
51,Group A,Waverly,70,wbumford1e@ftc.gov,Jambulang
52,Group B,Barnie,35,bmorfett1f@washingtonpost.com,Kawage
53,Group D,Lorrie,61,ljendrys1g@behance.net,Longgao
54,Group B,Corrianne,51,ctravis1h@businessweek.com,Soritor
55,Group D,Nana,67,nsanpher1i@over-blog.com,
56,Group D,Wernher,2,wsilliman1j@oaic.gov.au,Goshogawara
57,,Flori,14,fwetherick1k@loc.gov,Cikuya
58,Group B,Fianna,83,fwidd1l@last.fm,Dayton
59,,Jeana,47,jmatchett1m@baidu.com,Kalunan
60,Group C,Nert,40,nwhitworth1n@tripadvisor.com,Wyszogród
61,Group B,Daven,46,dloxton1o@themeforest.net,Sungaigerong
62,Group B,Vivianne,50,vfallow1p@redcross.org,Poroçan
63,Group C,Brok,31,bsandwith1q@indiegogo.com,Al Judayrah
64,Group B,Bentlee,59,bminchenton1r@senate.gov,Munkedal
65,,Stevie,12,sdecreuze1s@netvibes.com,Fort Smith
66,Group A,Juline,20,jbuesden1t@irs.gov,Siparia
67,Group A,Shanda,21,srawdales1u@merriam-webster.com,Carmelo
68,Group C,Brander,40,bsemple1v@loc.gov,Canggetelo
69,Group A,Thalia,76,tgeorgiades1w@nyu.edu,Lisia Góra
70,Group B,Constanta,7,cbalden1x@ca.gov,Mabua
71,Group B,Courtnay,17,cjefford1y@tumblr.com,Haligue
72,Group A,Sheilah,41,sdiess1z@wikipedia.org,Huji
73,Group A,Felicity,31,,Mikun’
74,,Wallis,77,wbrayn21@over-blog.com,Willowmore
75,Group A,Cthrine,22,ccleverley22@pen.io,Kiruna
76,Group D,Horatia,66,hcaulcott23@tinypic.com,Muarabuliti
77,Group A,Ynez,69,ycaston24@ow.ly,Batakte
78,Group B,Stanton,100,sbonnell25@cmu.edu,Nyrkiv
79,,Shandee,38,ssiddaley26@surveymonkey.com,Brinkmann
80,Group D,Mortie,65,mbartolijn27@dyndns.org,Nizhniye Achaluki
81,Group D,Yurik,36,ybrownbridge28@ed.gov,Dār Kulayb
82,Group A,Bonnee,57,bsapsford29@cocolog-nifty.com,Dongfanghong
83,Group C,Farra,25,fhellens2a@huffingtonpost.com,Karangmulyo
84,Group B,Grazia,27,glydon2b@mlb.com,Cikuya
85,Group C,Adams,11,awavell2c@jigsy.com,Kema
86,Group C,Shalom,36,skeeltagh2d@fotki.com,Sari
87,Group B,Edlin,43,ehargate2e@virginia.edu,Niquinohomo
88,Group C,David,58,dfennelow2f@eventbrite.com,Miaoli
89,Group C,Bria,29,bklishin2g@list-manage.com,Ettal
90,Group C,Margaretta,51,mlowndsbrough2h@ebay.co.uk,Luangwa
91,Group D,Dorie,23,dseaborn2i@storify.com,Krutinka
92,Group D,Katha,59,kgostick2j@lulu.com,Xinpo
93,Group B,Tamqrah,23,tleball2k@princeton.edu,Mayang
94,Group A,Godard,71,gdoberer2l@msn.com,Sombor
95,Group C,Carmina,37,cfidelus2m@ihg.com,Polo
96,Group D,Zebulon,38,zmort2n@npr.org,Kermānshāh
97,Group C,Dukie,1,dmeffen2o@pinterest.com,Omīdcheh
98,Group B,Feliks,71,foccleshaw2p@about.com,Yuzui
99,Group D,Karissa,46,kramey2q@illinois.edu,
100,Group B,Bridget,31,bernke2r@samsung.com,Bukitkemuning
101,Group D,Valentina,56,valdwick2s@loc.gov,Czemierniki
102,Group A,Rheta,54,rmagog2t@purevolume.com,Bolyarovo
103,Group B,Ike,77,ibrownsill2u@1688.com,Montijo
104,Group B,Leyla,37,lcolman2v@cornell.edu,Cachoeiro de Itapemirim
105,,Manny,97,mmandel2w@gnu.org,Hữu Lũng
106,Group D,Onfroi,40,odewi2x@soundcloud.com,Ilhabela
107,Group A,Candace,67,cbalentyne2y@privacy.gov.au,San Ramón de la Nueva Orán
108,Group B,Britteny,20,bmonk2z@hao123.com,Esperanza
109,Group A,Goldi,27,ggaytor30@acquirethisname.com,La Charité-sur-Loire
110,Group D,Josias,5,jcords31@cnbc.com,Huangguan
111,Group D,Borg,37,,Simnas
112,Group B,Tasia,63,tjosilevich33@digg.com,
113,Group C,Lawrence,2,lquilty34@nydailynews.com,Sovetsk
114,,Jacques,91,jsimoncelli35@typepad.com,Lefengzhen
115,Group C,Camellia,90,cmurcutt36@rambler.ru,Chishui
116,Group A,Marietta,100,mchiswell37@hp.com,Gan Yavne
117,Group D,Halette,69,hcodi38@netscape.com,Guanshan
118,Group A,Culley,31,churtic39@feedburner.com,San Vicente
119,,Bennie,43,bmathewson3a@bloomberg.com,Sawahrandu
120,Group A,Phyllis,76,pdimitrov3b@bizjournals.com,Hengjie
121,Group C,Ignaz,9,ihumberston3c@umich.edu,Bodzechów
122,Group A,Barbabra,20,bswaysland3d@privacy.gov.au,Oslo
123,Group D,Moina,99,,La Tola
124,Group B,Patience,57,pokeefe3f@weather.com,Myitkyina
125,Group B,Appolonia,61,astreeton3g@adobe.com,Laramate
126,Group B,Orazio,30,,Calvário
127,Group A,Corry,31,cjakubovicz3i@meetup.com,Kembang
128,Group C,Yetta,32,yhortop3j@exblog.jp,Horní Jelení
129,Group C,Cordy,62,chansill3k@mysql.com,Laoshawan
130,Group C,Deedee,85,dtomasian3l@hhs.gov,Victoria Falls
131,Group C,Stefan,15,,Kaliningrad
132,Group C,Papagena,97,,Ilare
133,Group C,Brook,27,bweagener3o@printfriendly.com,Sāqayn
134,,Adriaens,22,aruffli3p@wordpress.org,Cabo Frio
135,,Vasilis,42,velmes3q@ucsd.edu,Svalöv
136,Group B,Bryce,49,bgohier3r@friendfeed.com,Obodivka
137,Group D,See,54,sjindacek3s@army.mil,
138,Group C,Gratia,97,ggrasha3t@census.gov,Lang
139,Group B,Morlee,98,melecum3u@networksolutions.com,Spånga
140,Group C,Pat,7,pstennett3v@hibu.com,Kalmar
141,,Benito,45,bdelf3w@sakura.ne.jp,Kŭrdzhali
142,Group B,Georgianna,96,gyurkin3x@marketwatch.com,Ndago
143,Group A,Dolley,19,dlintill3y@nifty.com,Wan’an
144,Group B,Romeo,20,rlansdown3z@seesaa.net,
145,Group C,Stephan,83,smulvin40@omniture.com,Shakhun’ya
146,Group A,Katrinka,88,kshipton41@tripadvisor.com,Taloy
147,Group C,Dot,22,dswiffen42@omniture.com,Żabnica
148,Group B,Francklin,90,fharbage43@samsung.com,Queimados
149,Group D,Alwyn,20,agrigorini44@issuu.com,Taremskoye
150,Group C,Mavis,94,mbend45@admin.ch,Ueki
151,Group D,Iggy,16,igilbert46@goo.ne.jp,Mojogajeh
152,Group C,Myrtle,85,mgrebert47@parallels.com,Sharm el-Sheikh
153,Group A,Dacy,35,dnutton48@scribd.com,Pingdu
154,Group B,Renie,21,rspadeck49@yolasite.com,Xinjie
155,Group D,Warde,46,wrobbie4a@pinterest.com,Mae Charim
156,Group B,Delaney,67,dmasser4b@cpanel.net,Culacling
157,Group C,Andrus,64,abawme4c@kickstarter.com,Além Paraíba
158,Group A,Jeannie,17,jhansana4d@skyrock.com,Linxihe
159,Group B,Simonne,86,,Moya
160,Group D,Ignazio,81,imarfell4f@constantcontact.com,Alor Setar
161,Group B,Tracee,49,tsola4g@cornell.edu,Lisboa
162,Group C,Ken,46,kmelvin4h@hhs.gov,Caaguazú
163,Group B,Nananne,60,nkennewell4i@ibm.com,Tagasilay
164,Group C,Paige,7,pkeys4j@imageshack.us,São Lourenço da Mata
165,Group A,Kaitlyn,29,kmcveagh4k@ning.com,Köping
166,Group D,Falkner,94,fpatullo4l@ed.gov,Naawan
167,Group C,Lorena,11,ljanata4m@histats.com,Zhushan
168,Group D,Noelyn,76,nupjohn4n@wikipedia.org,Elele
169,Group B,Margarethe,47,mquarlis4o@1und1.de,Manzë
170,Group A,Zelma,73,zdavidovsky4p@forbes.com,Sumurgung
171,Group C,Imelda,46,iwasson4q@msu.edu,Xinning
172,Group C,George,34,gservant4r@dion.ne.jp,Nybro
173,Group A,Brendin,49,bmeaders4s@hc360.com,Blizne
174,Group B,Valentino,19,vessberger4t@vistaprint.com,Karanggintung
175,,Prescott,91,pash4u@spiegel.de,Krajanbonjor
176,Group B,Angelica,84,aleacy4v@google.ca,
177,Group B,Torrin,26,tharvard4w@canalblog.com,Santa Tecla
178,Group A,Rosmunda,69,rstanworth4x@ow.ly,Dún Laoghaire
179,Group A,Wendel,97,wdrains4y@bigcartel.com,Timiryazevskiy
180,,Eddy,57,ebockh4z@opensource.org,Naushahro Fīroz
181,Group C,Felicdad,23,fskones50@state.tx.us,Peroguarda
182,Group D,Emili,93,etesto51@friendfeed.com,Phaya Thai
183,Group C,Rhea,37,rcroisier52@jiathis.com,
184,Group C,La verne,79,lsouthey53@com.com,
185,Group D,Ashley,47,agudgin54@bizjournals.com,Kauit
186,Group A,Monah,98,,Ipojuca
187,Group C,Juan,20,jiacabucci56@yahoo.co.jp,Tsetsegnuur
188,Group D,Michele,36,mleal57@t-online.de,Paranaíba
189,Group A,Mahalia,31,mmcivor58@miibeian.gov.cn,Bardaï
190,Group D,Zebadiah,88,zpyson59@washingtonpost.com,
191,Group A,Ranique,61,rgarnett5a@chicagotribune.com,Fernández
192,Group C,Trevar,3,tenevold5b@accuweather.com,Growong Lor
193,Group D,Wallie,53,wbullivant5c@google.ru,Melfort
194,Group C,Othilia,67,ojerratsch5d@dailymail.co.uk,Campok
195,Group A,Donna,93,drobez5e@mozilla.org,Kuttu
196,Group D,Reinwald,65,rjoan5f@census.gov,Vyškov
197,Group B,Kaycee,92,kdowbiggin5g@chronoengine.com,San Rafael
198,Group D,Bogart,94,bcasoni5h@sbwire.com,Tungao
199,Group A,Alaric,10,abroske5i@purevolume.com,Vyazniki
200,Group D,Jaquelyn,90,jchalfant5j@bloglines.com,La Dicha
